,date,time,age,confirmed,deceased
0,2020-03-02,0,0s,32,0
1,2020-03-02,0,10s,169,0
2,2020-03-02,0,20s,1235,0
3,2020-03-02,0,30s,506,1
4,2020-03-02,0,40s,633,1
5,2020-03-02,0,50s,834,5
6,2020-03-02,0,60s,530,6
7,2020-03-02,0,70s,192,6
8,2020-03-02,0,80s,81,3
9,2020-03-03,0,0s,34,0
10,2020-03-03,0,10s,204,0
11,2020-03-03,0,20s,1417,0
12,2020-03-03,0,30s,578,1
13,2020-03-03,0,40s,713,1
14,2020-03-03,0,50s,952,5
15,2020-03-03,0,60s,597,7
16,2020-03-03,0,70s,224,9
17,2020-03-03,0,80s,93,5
18,2020-03-04,0,0s,34,0
19,2020-03-04,0,10s,233,0
20,2020-03-04,0,20s,1575,0
21,2020-03-04,0,30s,631,1
22,2020-03-04,0,40s,790,1
23,2020-03-04,0,50s,1051,5
24,2020-03-04,0,60s,646,7
25,2020-03-04,0,70s,260,12
26,2020-03-04,0,80s,108,6
27,2020-03-05,0,0s,38,0
28,2020-03-05,0,10s,257,0
29,2020-03-05,0,20s,1727,0
30,2020-03-05,0,30s,659,1
31,2020-03-05,0,40s,847,1
32,2020-03-05,0,50s,1127,5
33,2020-03-05,0,60s,699,8
34,2020-03-05,0,70s,288,13
35,2020-03-05,0,80s,124,7
36,2020-03-06,0,0s,45,0
37,2020-03-06,0,10s,292,0
38,2020-03-06,0,20s,1877,0
39,2020-03-06,0,30s,693,1
40,2020-03-06,0,40s,889,1
41,2020-03-06,0,50s,1217,5
42,2020-03-06,0,60s,763,11
43,2020-03-06,0,70s,340,14
44,2020-03-06,0,80s,168,10
45,2020-03-07,0,0s,52,0
46,2020-03-07,0,10s,327,0
47,2020-03-07,0,20s,2038,0
48,2020-03-07,0,30s,727,1
49,2020-03-07,0,40s,941,1
50,2020-03-07,0,50s,1287,5
51,2020-03-07,0,60s,830,11
52,2020-03-07,0,70s,384,14
53,2020-03-07,0,80s,191,12
54,2020-03-08,0,0s,58,0
55,2020-03-08,0,10s,360,0
56,2020-03-08,0,20s,2133,0
57,2020-03-08,0,30s,760,1
58,2020-03-08,0,40s,975,1
59,2020-03-08,0,50s,1349,5
60,2020-03-08,0,60s,878,11
61,2020-03-08,0,70s,409,18
62,2020-03-08,0,80s,212,14
63,2020-03-09,0,0s,66,0
64,2020-03-09,0,10s,381,0
65,2020-03-09,0,20s,2190,0
66,2020-03-09,0,30s,779,1
67,2020-03-09,0,40s,1005,1
68,2020-03-09,0,50s,1391,5
69,2020-03-09,0,60s,916,12
70,2020-03-09,0,70s,438,18
71,2020-03-09,0,80s,216,14
72,2020-03-10,0,0s,67,0
73,2020-03-10,0,10s,393,0
74,2020-03-10,0,20s,2213,0
75,2020-03-10,0,30s,789,1
76,2020-03-10,0,40s,1030,1
77,2020-03-10,0,50s,1416,5
78,2020-03-10,0,60s,929,13
79,2020-03-10,0,70s,454,19
80,2020-03-10,0,80s,222,15
81,2020-03-11,0,0s,75,0
82,2020-03-11,0,10s,405,0
83,2020-03-11,0,20s,2238,0
84,2020-03-11,0,30s,804,1
85,2020-03-11,0,40s,1082,1
86,2020-03-11,0,50s,1472,6
87,2020-03-11,0,60s,960,14
88,2020-03-11,0,70s,483,21
89,2020-03-11,0,80s,236,17
90,2020-03-12,0,0s,76,0
91,2020-03-12,0,10s,412,0
92,2020-03-12,0,20s,2261,0
93,2020-03-12,0,30s,812,1
94,2020-03-12,0,40s,1101,1
95,2020-03-12,0,50s,1495,6
96,2020-03-12,0,60s,972,14
97,2020-03-12,0,70s,497,24
98,2020-03-12,0,80s,243,20
99,2020-03-13,0,0s,77,0
100,2020-03-13,0,10s,421,0
101,2020-03-13,0,20s,2274,0
102,2020-03-13,0,30s,823,1
103,2020-03-13,0,40s,1117,1
104,2020-03-13,0,50s,1523,6
105,2020-03-13,0,60s,985,14
106,2020-03-13,0,70s,506,24
107,2020-03-13,0,80s,253,21
108,2020-03-14,0,0s,81,0
109,2020-03-14,0,10s,424,0
110,2020-03-14,0,20s,2287,0
111,2020-03-14,0,30s,833,1
112,2020-03-14,0,40s,1133,1
113,2020-03-14,0,50s,1551,6
114,2020-03-14,0,60s,999,14
115,2020-03-14,0,70s,515,27
116,2020-03-14,0,80s,263,23
117,2020-03-15,0,0s,83,0
118,2020-03-15,0,10s,427,0
119,2020-03-15,0,20s,2301,0
120,2020-03-15,0,30s,842,1
121,2020-03-15,0,40s,1141,1
122,2020-03-15,0,50s,1568,6
123,2020-03-15,0,60s,1012,14
124,2020-03-15,0,70s,525,28
125,2020-03-15,0,80s,263,25
126,2020-03-16,0,0s,85,0
127,2020-03-16,0,10s,432,0
128,2020-03-16,0,20s,2313,0
129,2020-03-16,0,30s,849,1
130,2020-03-16,0,40s,1147,1
131,2020-03-16,0,50s,1585,6
132,2020-03-16,0,60s,1024,14
133,2020-03-16,0,70s,531,28
134,2020-03-16,0,80s,270,25
135,2020-03-17,0,0s,86,0
136,2020-03-17,0,10s,436,0
137,2020-03-17,0,20s,2330,0
138,2020-03-17,0,30s,856,1
139,2020-03-17,0,40s,1164,1
140,2020-03-17,0,50s,1602,6
141,2020-03-17,0,60s,1033,16
142,2020-03-17,0,70s,539,29
143,2020-03-17,0,80s,274,28
144,2020-03-18,0,0s,87,0
145,2020-03-18,0,10s,438,0
146,2020-03-18,0,20s,2342,0
147,2020-03-18,0,30s,873,1
148,2020-03-18,0,40s,1171,1
149,2020-03-18,0,50s,1615,6
150,2020-03-18,0,60s,1059,16
151,2020-03-18,0,70s,542,29
152,2020-03-18,0,80s,286,31
153,2020-03-19,0,0s,91,0
154,2020-03-19,0,10s,444,0
155,2020-03-19,0,20s,2358,0
156,2020-03-19,0,30s,886,1
157,2020-03-19,0,40s,1181,1
158,2020-03-19,0,50s,1642,7
159,2020-03-19,0,60s,1080,17
160,2020-03-19,0,70s,562,34
161,2020-03-19,0,80s,321,31
162,2020-03-20,0,0s,97,0
163,2020-03-20,0,10s,452,0
164,2020-03-20,0,20s,2365,0
165,2020-03-20,0,30s,893,1
166,2020-03-20,0,40s,1193,1
167,2020-03-20,0,50s,1656,7
168,2020-03-20,0,60s,1099,17
169,2020-03-20,0,70s,568,35
170,2020-03-20,0,80s,329,33
171,2020-03-21,0,0s,99,0
172,2020-03-21,0,10s,457,0
173,2020-03-21,0,20s,2380,0
174,2020-03-21,0,30s,900,1
175,2020-03-21,0,40s,1203,1
176,2020-03-21,0,50s,1672,7
177,2020-03-21,0,60s,1118,17
178,2020-03-21,0,70s,589,37
179,2020-03-21,0,80s,381,39
180,2020-03-22,0,0s,101,0
181,2020-03-22,0,10s,460,0
182,2020-03-22,0,20s,2396,0
183,2020-03-22,0,30s,909,1
184,2020-03-22,0,40s,1221,1
185,2020-03-22,0,50s,1691,7
186,2020-03-22,0,60s,1132,17
187,2020-03-22,0,70s,595,37
188,2020-03-22,0,80s,392,41
189,2020-03-23,0,0s,103,0
190,2020-03-23,0,10s,460,0
191,2020-03-23,0,20s,2417,0
192,2020-03-23,0,30s,917,1
193,2020-03-23,0,40s,1228,1
194,2020-03-23,0,50s,1702,7
195,2020-03-23,0,60s,1139,18
196,2020-03-23,0,70s,599,38
197,2020-03-23,0,80s,396,46
198,2020-03-24,0,0s,105,0
199,2020-03-24,0,10s,468,0
200,2020-03-24,0,20s,2438,0
201,2020-03-24,0,30s,921,1
202,2020-03-24,0,40s,1234,1
203,2020-03-24,0,50s,1716,8
204,2020-03-24,0,60s,1146,20
205,2020-03-24,0,70s,608,38
206,2020-03-24,0,80s,401,52
207,2020-03-25,0,0s,105,0
208,2020-03-25,0,10s,475,0
209,2020-03-25,0,20s,2473,0
210,2020-03-25,0,30s,943,1
211,2020-03-25,0,40s,1246,1
212,2020-03-25,0,50s,1724,10
213,2020-03-25,0,60s,1154,20
214,2020-03-25,0,70s,611,39
215,2020-03-25,0,80s,406,55
216,2020-03-26,0,0s,106,0
217,2020-03-26,0,10s,488,0
218,2020-03-26,0,20s,2508,0
219,2020-03-26,0,30s,955,1
220,2020-03-26,0,40s,1252,1
221,2020-03-26,0,50s,1738,10
222,2020-03-26,0,60s,1162,20
223,2020-03-26,0,70s,616,41
224,2020-03-26,0,80s,416,58
225,2020-03-27,0,0s,108,0
226,2020-03-27,0,10s,496,0
227,2020-03-27,0,20s,2532,0
228,2020-03-27,0,30s,960,1
229,2020-03-27,0,40s,1256,1
230,2020-03-27,0,50s,1752,10
231,2020-03-27,0,60s,1170,21
232,2020-03-27,0,70s,630,41
233,2020-03-27,0,80s,428,65
234,2020-03-28,0,0s,109,0
235,2020-03-28,0,10s,501,0
236,2020-03-28,0,20s,2567,0
237,2020-03-28,0,30s,978,1
238,2020-03-28,0,40s,1278,1
239,2020-03-28,0,50s,1780,10
240,2020-03-28,0,60s,1201,21
241,2020-03-28,0,70s,632,41
242,2020-03-28,0,80s,432,70
243,2020-03-29,0,0s,111,0
244,2020-03-29,0,10s,508,0
245,2020-03-29,0,20s,2602,0
246,2020-03-29,0,30s,993,1
247,2020-03-29,0,40s,1292,1
248,2020-03-29,0,50s,1798,10
249,2020-03-29,0,60s,1210,21
250,2020-03-29,0,70s,635,43
251,2020-03-29,0,80s,434,76
252,2020-03-30,0,0s,112,0
253,2020-03-30,0,10s,513,0
254,2020-03-30,0,20s,2630,0
255,2020-03-30,0,30s,1002,1
256,2020-03-30,0,40s,1297,1
257,2020-03-30,0,50s,1812,10
258,2020-03-30,0,60s,1218,21
259,2020-03-30,0,70s,640,45
260,2020-03-30,0,80s,437,80
261,2020-03-31,0,0s,112,0
262,2020-03-31,0,10s,515,0
263,2020-03-31,0,20s,2656,0
264,2020-03-31,0,30s,1012,1
265,2020-03-31,0,40s,1312,1
266,2020-03-31,0,50s,1851,10
267,2020-03-31,0,60s,1235,22
268,2020-03-31,0,70s,651,46
269,2020-03-31,0,80s,442,82
270,2020-04-01,0,0s,116,0
271,2020-04-01,0,10s,519,0
272,2020-04-01,0,20s,2682,0
273,2020-04-01,0,30s,1027,1
274,2020-04-01,0,40s,1323,1
275,2020-04-01,0,50s,1865,10
276,2020-04-01,0,60s,1245,23
277,2020-04-01,0,70s,658,46
278,2020-04-01,0,80s,452,84
279,2020-04-02,0,0s,119,0
280,2020-04-02,0,10s,522,0
281,2020-04-02,0,20s,2704,0
282,2020-04-02,0,30s,1043,1
283,2020-04-02,0,40s,1336,2
284,2020-04-02,0,50s,1878,11
285,2020-04-02,0,60s,1258,23
286,2020-04-02,0,70s,663,47
287,2020-04-02,0,80s,453,85
288,2020-04-03,0,0s,121,0
289,2020-04-03,0,10s,528,0
290,2020-04-03,0,20s,2734,0
291,2020-04-03,0,30s,1052,1
292,2020-04-03,0,40s,1350,2
293,2020-04-03,0,50s,1887,12
294,2020-04-03,0,60s,1266,24
295,2020-04-03,0,70s,668,49
296,2020-04-03,0,80s,456,86
297,2020-04-04,0,0s,122,0
298,2020-04-04,0,10s,530,0
299,2020-04-04,0,20s,2761,0
300,2020-04-04,0,30s,1066,1
301,2020-04-04,0,40s,1358,2
302,2020-04-04,0,50s,1898,12
303,2020-04-04,0,60s,1282,25
304,2020-04-04,0,70s,678,50
305,2020-04-04,0,80s,461,87
306,2020-04-05,0,0s,124,0
307,2020-04-05,0,10s,535,0
308,2020-04-05,0,20s,2789,0
309,2020-04-05,0,30s,1083,1
310,2020-04-05,0,40s,1370,2
311,2020-04-05,0,50s,1904,13
312,2020-04-05,0,60s,1289,25
313,2020-04-05,0,70s,681,51
314,2020-04-05,0,80s,462,91
315,2020-04-06,0,0s,126,0
316,2020-04-06,0,10s,542,0
317,2020-04-06,0,20s,2804,0
318,2020-04-06,0,30s,1086,1
319,2020-04-06,0,40s,1375,2
320,2020-04-06,0,50s,1906,13
321,2020-04-06,0,60s,1294,26
322,2020-04-06,0,70s,686,52
323,2020-04-06,0,80s,465,92
324,2020-04-07,0,0s,126,0
325,2020-04-07,0,10s,544,0
326,2020-04-07,0,20s,2819,0
327,2020-04-07,0,30s,1092,1
328,2020-04-07,0,40s,1382,2
329,2020-04-07,0,50s,1909,13
330,2020-04-07,0,60s,1304,26
331,2020-04-07,0,70s,689,57
332,2020-04-07,0,80s,466,93
333,2020-04-08,0,0s,126,0
334,2020-04-08,0,10s,548,0
335,2020-04-08,0,20s,2832,0
336,2020-04-08,0,30s,1102,1
337,2020-04-08,0,40s,1387,3
338,2020-04-08,0,50s,1915,13
339,2020-04-08,0,60s,1312,27
340,2020-04-08,0,70s,692,60
341,2020-04-08,0,80s,470,96
342,2020-04-09,0,0s,128,0
343,2020-04-09,0,10s,552,0
344,2020-04-09,0,20s,2844,0
345,2020-04-09,0,30s,1109,1
346,2020-04-09,0,40s,1394,3
347,2020-04-09,0,50s,1917,13
348,2020-04-09,0,60s,1314,27
349,2020-04-09,0,70s,692,60
350,2020-04-09,0,80s,473,100
351,2020-04-10,0,0s,129,0
352,2020-04-10,0,10s,553,0
353,2020-04-10,0,20s,2851,0
354,2020-04-10,0,30s,1113,1
355,2020-04-10,0,40s,1396,3
356,2020-04-10,0,50s,1920,13
357,2020-04-10,0,60s,1320,28
358,2020-04-10,0,70s,694,62
359,2020-04-10,0,80s,474,101
360,2020-04-11,0,0s,130,0
361,2020-04-11,0,10s,558,0
362,2020-04-11,0,20s,2856,0
363,2020-04-11,0,30s,1115,1
364,2020-04-11,0,40s,1399,3
365,2020-04-11,0,50s,1926,14
366,2020-04-11,0,60s,1327,29
367,2020-04-11,0,70s,694,63
368,2020-04-11,0,80s,475,101
369,2020-04-12,0,0s,130,0
370,2020-04-12,0,10s,561,0
371,2020-04-12,0,20s,2869,0
372,2020-04-12,0,30s,1120,1
373,2020-04-12,0,40s,1400,3
374,2020-04-12,0,50s,1930,14
375,2020-04-12,0,60s,1330,31
376,2020-04-12,0,70s,697,63
377,2020-04-12,0,80s,475,102
378,2020-04-13,0,0s,132,0
379,2020-04-13,0,10s,562,0
380,2020-04-13,0,20s,2879,0
381,2020-04-13,0,30s,1122,1
382,2020-04-13,0,40s,1401,3
383,2020-04-13,0,50s,1932,14
384,2020-04-13,0,60s,1335,32
385,2020-04-13,0,70s,698,64
386,2020-04-13,0,80s,476,103
387,2020-04-14,0,0s,132,0
388,2020-04-14,0,10s,565,0
389,2020-04-14,0,20s,2886,0
390,2020-04-14,0,30s,1126,1
391,2020-04-14,0,40s,1405,3
392,2020-04-14,0,50s,1935,14
393,2020-04-14,0,60s,1338,33
394,2020-04-14,0,70s,700,65
395,2020-04-14,0,80s,477,106
396,2020-04-15,0,0s,132,0
397,2020-04-15,0,10s,569,0
398,2020-04-15,0,20s,2895,0
399,2020-04-15,0,30s,1131,1
400,2020-04-15,0,40s,1408,3
401,2020-04-15,0,50s,1937,14
402,2020-04-15,0,60s,1339,33
403,2020-04-15,0,70s,702,68
404,2020-04-15,0,80s,478,106
405,2020-04-16,0,0s,135,0
406,2020-04-16,0,10s,572,0
407,2020-04-16,0,20s,2900,0
408,2020-04-16,0,30s,1132,1
409,2020-04-16,0,40s,1410,3
410,2020-04-16,0,50s,1940,14
411,2020-04-16,0,60s,1341,33
412,2020-04-16,0,70s,703,68
413,2020-04-16,0,80s,480,110
414,2020-04-17,0,0s,136,0
415,2020-04-17,0,10s,576,0
416,2020-04-17,0,20s,2909,0
417,2020-04-17,0,30s,1135,1
418,2020-04-17,0,40s,1411,3
419,2020-04-17,0,50s,1942,14
420,2020-04-17,0,60s,1342,33
421,2020-04-17,0,70s,704,68
422,2020-04-17,0,80s,480,111
423,2020-04-18,0,0s,138,0
424,2020-04-18,0,10s,576,0
425,2020-04-18,0,20s,2918,0
426,2020-04-18,0,30s,1136,1
427,2020-04-18,0,40s,1412,3
428,2020-04-18,0,50s,1944,15
429,2020-04-18,0,60s,1343,33
430,2020-04-18,0,70s,705,68
431,2020-04-18,0,80s,481,112
432,2020-04-19,0,0s,138,0
433,2020-04-19,0,10s,578,0
434,2020-04-19,0,20s,2921,0
435,2020-04-19,0,30s,1137,2
436,2020-04-19,0,40s,1412,3
437,2020-04-19,0,50s,1945,15
438,2020-04-19,0,60s,1343,34
439,2020-04-19,0,70s,705,68
440,2020-04-19,0,80s,482,112
441,2020-04-20,0,0s,138,0
442,2020-04-20,0,10s,581,0
443,2020-04-20,0,20s,2926,0
444,2020-04-20,0,30s,1139,2
445,2020-04-20,0,40s,1412,3
446,2020-04-20,0,50s,1948,15
447,2020-04-20,0,60s,1343,34
448,2020-04-20,0,70s,705,69
449,2020-04-20,0,80s,482,113
450,2020-04-21,0,0s,138,0
451,2020-04-21,0,10s,582,0
452,2020-04-21,0,20s,2928,0
453,2020-04-21,0,30s,1139,2
454,2020-04-21,0,40s,1413,3
455,2020-04-21,0,50s,1951,15
456,2020-04-21,0,60s,1343,34
457,2020-04-21,0,70s,706,70
458,2020-04-21,0,80s,483,113
459,2020-04-22,0,0s,138,0
460,2020-04-22,0,10s,583,0
461,2020-04-22,0,20s,2931,0
462,2020-04-22,0,30s,1140,2
463,2020-04-22,0,40s,1417,3
464,2020-04-22,0,50s,1951,15
465,2020-04-22,0,60s,1344,34
466,2020-04-22,0,70s,707,71
467,2020-04-22,0,80s,483,113
468,2020-04-23,0,0s,138,0
469,2020-04-23,0,10s,584,0
470,2020-04-23,0,20s,2933,0
471,2020-04-23,0,30s,1141,2
472,2020-04-23,0,40s,1418,3
473,2020-04-23,0,50s,1952,15
474,2020-04-23,0,60s,1344,35
475,2020-04-23,0,70s,708,71
476,2020-04-23,0,80s,484,114
477,2020-04-24,0,0s,138,0
478,2020-04-24,0,10s,585,0
479,2020-04-24,0,20s,2934,0
480,2020-04-24,0,30s,1142,2
481,2020-04-24,0,40s,1418,3
482,2020-04-24,0,50s,1953,15
483,2020-04-24,0,60s,1345,35
484,2020-04-24,0,70s,708,71
485,2020-04-24,0,80s,485,114
486,2020-04-25,0,0s,139,0
487,2020-04-25,0,10s,586,0
488,2020-04-25,0,20s,2937,0
489,2020-04-25,0,30s,1143,2
490,2020-04-25,0,40s,1420,3
491,2020-04-25,0,50s,1953,15
492,2020-04-25,0,60s,1347,35
493,2020-04-25,0,70s,708,71
494,2020-04-25,0,80s,485,114
495,2020-04-26,0,0s,140,0
496,2020-04-26,0,10s,586,0
497,2020-04-26,0,20s,2940,0
498,2020-04-26,0,30s,1147,2
499,2020-04-26,0,40s,1421,3
500,2020-04-26,0,50s,1953,15
501,2020-04-26,0,60s,1347,35
502,2020-04-26,0,70s,708,72
503,2020-04-26,0,80s,485,115
504,2020-04-27,0,0s,140,0
505,2020-04-27,0,10s,588,0
506,2020-04-27,0,20s,2943,0
507,2020-04-27,0,30s,1152,2
508,2020-04-27,0,40s,1422,3
509,2020-04-27,0,50s,1953,15
510,2020-04-27,0,60s,1347,35
511,2020-04-27,0,70s,708,72
512,2020-04-27,0,80s,485,116
513,2020-04-28,0,0s,140,0
514,2020-04-28,0,10s,590,0
515,2020-04-28,0,20s,2948,0
516,2020-04-28,0,30s,1154,2
517,2020-04-28,0,40s,1423,3
518,2020-04-28,0,50s,1955,15
519,2020-04-28,0,60s,1348,35
520,2020-04-28,0,70s,709,73
521,2020-04-28,0,80s,485,116
522,2020-04-29,0,0s,140,0
523,2020-04-29,0,10s,590,0
524,2020-04-29,0,20s,2951,0
525,2020-04-29,0,30s,1156,2
526,2020-04-29,0,40s,1426,3
527,2020-04-29,0,50s,1956,15
528,2020-04-29,0,60s,1348,35
529,2020-04-29,0,70s,709,73
530,2020-04-29,0,80s,485,118
531,2020-04-30,0,0s,140,0
532,2020-04-30,0,10s,590,0
533,2020-04-30,0,20s,2952,0
534,2020-04-30,0,30s,1158,2
535,2020-04-30,0,40s,1427,3
536,2020-04-30,0,50s,1956,15
537,2020-04-30,0,60s,1348,35
538,2020-04-30,0,70s,709,74
539,2020-04-30,0,80s,485,118
540,2020-05-01,0,0s,140,0
541,2020-05-01,0,10s,590,0
542,2020-05-01,0,20s,2957,0
543,2020-05-01,0,30s,1159,2
544,2020-05-01,0,40s,1429,3
545,2020-05-01,0,50s,1956,15
546,2020-05-01,0,60s,1348,35
547,2020-05-01,0,70s,709,75
548,2020-05-01,0,80s,486,118
549,2020-05-02,0,0s,140,0
550,2020-05-02,0,10s,590,0
551,2020-05-02,0,20s,2960,0
552,2020-05-02,0,30s,1160,2
553,2020-05-02,0,40s,1430,3
554,2020-05-02,0,50s,1956,15
555,2020-05-02,0,60s,1349,35
556,2020-05-02,0,70s,709,75
557,2020-05-02,0,80s,486,120
558,2020-05-03,0,0s,140,0
559,2020-05-03,0,10s,591,0
560,2020-05-03,0,20s,2962,0
561,2020-05-03,0,30s,1163,2
562,2020-05-03,0,40s,1432,3
563,2020-05-03,0,50s,1956,15
564,2020-05-03,0,60s,1351,35
565,2020-05-03,0,70s,710,75
566,2020-05-03,0,80s,488,120
567,2020-05-04,0,0s,140,0
568,2020-05-04,0,10s,591,0
569,2020-05-04,0,20s,2964,0
570,2020-05-04,0,30s,1164,2
571,2020-05-04,0,40s,1435,3
572,2020-05-04,0,50s,1956,15
573,2020-05-04,0,60s,1353,36
574,2020-05-04,0,70s,710,76
575,2020-05-04,0,80s,488,120
576,2020-05-05,0,0s,140,0
577,2020-05-05,0,10s,591,0
578,2020-05-05,0,20s,2964,0
579,2020-05-05,0,30s,1165,2
580,2020-05-05,0,40s,1436,3
581,2020-05-05,0,50s,1957,15
582,2020-05-05,0,60s,1353,36
583,2020-05-05,0,70s,710,76
584,2020-05-05,0,80s,488,122
585,2020-05-06,0,0s,140,0
586,2020-05-06,0,10s,591,0
587,2020-05-06,0,20s,2964,0
588,2020-05-06,0,30s,1166,2
589,2020-05-06,0,40s,1436,3
590,2020-05-06,0,50s,1957,15
591,2020-05-06,0,60s,1354,36
592,2020-05-06,0,70s,710,77
593,2020-05-06,0,80s,488,122
594,2020-05-07,0,0s,140,0
595,2020-05-07,0,10s,592,0
596,2020-05-07,0,20s,2966,0
597,2020-05-07,0,30s,1167,2
598,2020-05-07,0,40s,1436,3
599,2020-05-07,0,50s,1957,15
600,2020-05-07,0,60s,1354,37
601,2020-05-07,0,70s,710,77
602,2020-05-07,0,80s,488,122
603,2020-05-08,0,0s,141,0
604,2020-05-08,0,10s,592,0
605,2020-05-08,0,20s,2967,0
606,2020-05-08,0,30s,1174,2
607,2020-05-08,0,40s,1438,3
608,2020-05-08,0,50s,1957,15
609,2020-05-08,0,60s,1355,37
610,2020-05-08,0,70s,710,77
611,2020-05-08,0,80s,488,122
612,2020-05-09,0,0s,141,0
613,2020-05-09,0,10s,594,0
614,2020-05-09,0,20s,2979,0
615,2020-05-09,0,30s,1177,2
616,2020-05-09,0,40s,1438,3
617,2020-05-09,0,50s,1958,15
618,2020-05-09,0,60s,1355,37
619,2020-05-09,0,70s,710,77
620,2020-05-09,0,80s,488,122
621,2020-05-10,0,0s,141,0
622,2020-05-10,0,10s,597,0
623,2020-05-10,0,20s,2998,0
624,2020-05-10,0,30s,1180,2
625,2020-05-10,0,40s,1442,3
626,2020-05-10,0,50s,1960,15
627,2020-05-10,0,60s,1357,37
628,2020-05-10,0,70s,711,77
629,2020-05-10,0,80s,488,122
630,2020-05-11,0,0s,141,0
631,2020-05-11,0,10s,598,0
632,2020-05-11,0,20s,3019,0
633,2020-05-11,0,30s,1188,2
634,2020-05-11,0,40s,1446,3
635,2020-05-11,0,50s,1960,15
636,2020-05-11,0,60s,1358,37
637,2020-05-11,0,70s,711,77
638,2020-05-11,0,80s,488,122
639,2020-05-12,0,0s,142,0
640,2020-05-12,0,10s,602,0
641,2020-05-12,0,20s,3029,0
642,2020-05-12,0,30s,1194,2
643,2020-05-12,0,40s,1448,3
644,2020-05-12,0,50s,1963,15
645,2020-05-12,0,60s,1358,37
646,2020-05-12,0,70s,711,77
647,2020-05-12,0,80s,489,124
648,2020-05-13,0,0s,143,0
649,2020-05-13,0,10s,603,0
650,2020-05-13,0,20s,3042,0
651,2020-05-13,0,30s,1199,2
652,2020-05-13,0,40s,1450,3
653,2020-05-13,0,50s,1964,15
654,2020-05-13,0,60s,1359,37
655,2020-05-13,0,70s,712,77
656,2020-05-13,0,80s,490,125
657,2020-05-14,0,0s,143,0
658,2020-05-14,0,10s,614,0
659,2020-05-14,0,20s,3056,0
660,2020-05-14,0,30s,1202,2
661,2020-05-14,0,40s,1451,3
662,2020-05-14,0,50s,1964,15
663,2020-05-14,0,60s,1359,38
664,2020-05-14,0,70s,712,77
665,2020-05-14,0,80s,490,125
666,2020-05-15,0,0s,145,0
667,2020-05-15,0,10s,617,0
668,2020-05-15,0,20s,3066,0
669,2020-05-15,0,30s,1207,2
670,2020-05-15,0,40s,1453,3
671,2020-05-15,0,50s,1965,15
672,2020-05-15,0,60s,1361,38
673,2020-05-15,0,70s,714,77
674,2020-05-15,0,80s,490,125
675,2020-05-16,0,0s,147,0
676,2020-05-16,0,10s,619,0
677,2020-05-16,0,20s,3074,0
678,2020-05-16,0,30s,1209,2
679,2020-05-16,0,40s,1454,3
680,2020-05-16,0,50s,1966,15
681,2020-05-16,0,60s,1364,38
682,2020-05-16,0,70s,714,77
683,2020-05-16,0,80s,490,127
684,2020-05-17,0,0s,147,0
685,2020-05-17,0,10s,620,0
686,2020-05-17,0,20s,3079,0
687,2020-05-17,0,30s,1211,2
688,2020-05-17,0,40s,1457,3
689,2020-05-17,0,50s,1967,15
690,2020-05-17,0,60s,1364,38
691,2020-05-17,0,70s,715,77
692,2020-05-17,0,80s,490,127
693,2020-05-18,0,0s,147,0
694,2020-05-18,0,10s,621,0
695,2020-05-18,0,20s,3082,0
696,2020-05-18,0,30s,1215,2
697,2020-05-18,0,40s,1462,3
698,2020-05-18,0,50s,1968,15
699,2020-05-18,0,60s,1365,38
700,2020-05-18,0,70s,715,78
701,2020-05-18,0,80s,490,127
702,2020-05-19,0,0s,148,0
703,2020-05-19,0,10s,621,0
704,2020-05-19,0,20s,3087,0
705,2020-05-19,0,30s,1215,2
706,2020-05-19,0,40s,1462,3
707,2020-05-19,0,50s,1971,15
708,2020-05-19,0,60s,1368,38
709,2020-05-19,0,70s,716,78
710,2020-05-19,0,80s,490,127
711,2020-05-20,0,0s,148,0
712,2020-05-20,0,10s,627,0
713,2020-05-20,0,20s,3100,0
714,2020-05-20,0,30s,1219,2
715,2020-05-20,0,40s,1468,3
716,2020-05-20,0,50s,1972,15
717,2020-05-20,0,60s,1369,38
718,2020-05-20,0,70s,717,78
719,2020-05-20,0,80s,490,127
720,2020-05-21,0,0s,148,0
721,2020-05-21,0,10s,631,0
722,2020-05-21,0,20s,3103,0
723,2020-05-21,0,30s,1221,2
724,2020-05-21,0,40s,1471,3
725,2020-05-21,0,50s,1972,15
726,2020-05-21,0,60s,1369,38
727,2020-05-21,0,70s,717,78
728,2020-05-21,0,80s,490,128
729,2020-05-22,0,0s,149,0
730,2020-05-22,0,10s,633,0
731,2020-05-22,0,20s,3111,0
732,2020-05-22,0,30s,1225,2
733,2020-05-22,0,40s,1473,3
734,2020-05-22,0,50s,1974,15
735,2020-05-22,0,60s,1369,38
736,2020-05-22,0,70s,718,78
737,2020-05-22,0,80s,490,128
738,2020-05-23,0,0s,149,0
739,2020-05-23,0,10s,634,0
740,2020-05-23,0,20s,3113,0
741,2020-05-23,0,30s,1231,2
742,2020-05-23,0,40s,1474,3
743,2020-05-23,0,50s,1983,15
744,2020-05-23,0,60s,1372,39
745,2020-05-23,0,70s,718,78
746,2020-05-23,0,80s,491,129
747,2020-05-24,0,0s,149,0
748,2020-05-24,0,10s,636,0
749,2020-05-24,0,20s,3117,0
750,2020-05-24,0,30s,1235,2
751,2020-05-24,0,40s,1481,3
752,2020-05-24,0,50s,1987,15
753,2020-05-24,0,60s,1375,39
754,2020-05-24,0,70s,719,78
755,2020-05-24,0,80s,491,129
756,2020-05-25,0,0s,149,0
757,2020-05-25,0,10s,637,0
758,2020-05-25,0,20s,3120,0
759,2020-05-25,0,30s,1238,2
760,2020-05-25,0,40s,1483,3
761,2020-05-25,0,50s,1992,15
762,2020-05-25,0,60s,1377,39
763,2020-05-25,0,70s,719,79
764,2020-05-25,0,80s,491,129
765,2020-05-26,0,0s,150,0
766,2020-05-26,0,10s,638,0
767,2020-05-26,0,20s,3123,0
768,2020-05-26,0,30s,1242,2
769,2020-05-26,0,40s,1486,3
770,2020-05-26,0,50s,1996,15
771,2020-05-26,0,60s,1378,39
772,2020-05-26,0,70s,721,79
773,2020-05-26,0,80s,491,131
774,2020-05-27,0,0s,153,0
775,2020-05-27,0,10s,640,0
776,2020-05-27,0,20s,3131,0
777,2020-05-27,0,30s,1248,2
778,2020-05-27,0,40s,1489,3
779,2020-05-27,0,50s,2002,15
780,2020-05-27,0,60s,1386,39
781,2020-05-27,0,70s,724,79
782,2020-05-27,0,80s,492,131
783,2020-05-28,0,0s,155,0
784,2020-05-28,0,10s,644,0
785,2020-05-28,0,20s,3146,0
786,2020-05-28,0,30s,1274,2
787,2020-05-28,0,40s,1503,3
788,2020-05-28,0,50s,2014,15
789,2020-05-28,0,60s,1392,39
790,2020-05-28,0,70s,724,79
791,2020-05-28,0,80s,492,131
792,2020-05-29,0,0s,156,0
793,2020-05-29,0,10s,650,0
794,2020-05-29,0,20s,3158,0
795,2020-05-29,0,30s,1283,2
796,2020-05-29,0,40s,1513,3
797,2020-05-29,0,50s,2023,15
798,2020-05-29,0,60s,1400,39
799,2020-05-29,0,70s,724,79
800,2020-05-29,0,80s,495,131
801,2020-05-30,0,0s,157,0
802,2020-05-30,0,10s,655,0
803,2020-05-30,0,20s,3167,0
804,2020-05-30,0,30s,1285,2
805,2020-05-30,0,40s,1517,3
806,2020-05-30,0,50s,2033,15
807,2020-05-30,0,60s,1404,39
808,2020-05-30,0,70s,725,79
809,2020-05-30,0,80s,498,131
810,2020-05-31,0,0s,157,0
811,2020-05-31,0,10s,655,0
812,2020-05-31,0,20s,3176,0
813,2020-05-31,0,30s,1292,2
814,2020-05-31,0,40s,1521,3
815,2020-05-31,0,50s,2039,15
816,2020-05-31,0,60s,1405,39
817,2020-05-31,0,70s,725,80
818,2020-05-31,0,80s,498,131
819,2020-06-01,0,0s,158,0
820,2020-06-01,0,10s,657,0
821,2020-06-01,0,20s,3178,0
822,2020-06-01,0,30s,1296,2
823,2020-06-01,0,40s,1527,3
824,2020-06-01,0,50s,2052,15
825,2020-06-01,0,60s,1410,39
826,2020-06-01,0,70s,727,80
827,2020-06-01,0,80s,498,132
828,2020-06-02,0,0s,158,0
829,2020-06-02,0,10s,659,0
830,2020-06-02,0,20s,3183,0
831,2020-06-02,0,30s,1299,2
832,2020-06-02,0,40s,1529,3
833,2020-06-02,0,50s,2061,15
834,2020-06-02,0,60s,1421,39
835,2020-06-02,0,70s,732,80
836,2020-06-02,0,80s,499,133
837,2020-06-03,0,0s,159,0
838,2020-06-03,0,10s,661,0
839,2020-06-03,0,20s,3188,0
840,2020-06-03,0,30s,1305,2
841,2020-06-03,0,40s,1534,3
842,2020-06-03,0,50s,2070,15
843,2020-06-03,0,60s,1436,39
844,2020-06-03,0,70s,738,81
845,2020-06-03,0,80s,499,133
846,2020-06-04,0,0s,160,0
847,2020-06-04,0,10s,661,0
848,2020-06-04,0,20s,3193,0
849,2020-06-04,0,30s,1308,2
850,2020-06-04,0,40s,1537,3
851,2020-06-04,0,50s,2079,15
852,2020-06-04,0,60s,1445,39
853,2020-06-04,0,70s,744,81
854,2020-06-04,0,80s,502,133
855,2020-06-05,0,0s,161,0
856,2020-06-05,0,10s,663,0
857,2020-06-05,0,20s,3198,0
858,2020-06-05,0,30s,1310,2
859,2020-06-05,0,40s,1540,3
860,2020-06-05,0,50s,2086,15
861,2020-06-05,0,60s,1455,39
862,2020-06-05,0,70s,751,81
863,2020-06-05,0,80s,504,133
864,2020-06-06,0,0s,164,0
865,2020-06-06,0,10s,664,0
866,2020-06-06,0,20s,3200,0
867,2020-06-06,0,30s,1316,2
868,2020-06-06,0,40s,1551,3
869,2020-06-06,0,50s,2094,15
870,2020-06-06,0,60s,1464,39
871,2020-06-06,0,70s,759,81
872,2020-06-06,0,80s,507,133
873,2020-06-07,0,0s,165,0
874,2020-06-07,0,10s,670,0
875,2020-06-07,0,20s,3203,0
876,2020-06-07,0,30s,1322,2
877,2020-06-07,0,40s,1559,3
878,2020-06-07,0,50s,2105,15
879,2020-06-07,0,60s,1476,39
880,2020-06-07,0,70s,767,81
881,2020-06-07,0,80s,509,133
882,2020-06-08,0,0s,166,0
883,2020-06-08,0,10s,672,0
884,2020-06-08,0,20s,3208,0
885,2020-06-08,0,30s,1324,2
886,2020-06-08,0,40s,1564,3
887,2020-06-08,0,50s,2111,15
888,2020-06-08,0,60s,1487,39
889,2020-06-08,0,70s,770,81
890,2020-06-08,0,80s,512,133
891,2020-06-09,0,0s,166,0
892,2020-06-09,0,10s,672,0
893,2020-06-09,0,20s,3211,0
894,2020-06-09,0,30s,1326,2
895,2020-06-09,0,40s,1568,3
896,2020-06-09,0,50s,2121,15
897,2020-06-09,0,60s,1496,39
898,2020-06-09,0,70s,775,81
899,2020-06-09,0,80s,517,134
900,2020-06-10,0,0s,167,0
901,2020-06-10,0,10s,674,0
902,2020-06-10,0,20s,3217,0
903,2020-06-10,0,30s,1335,2
904,2020-06-10,0,40s,1569,3
905,2020-06-10,0,50s,2128,15
906,2020-06-10,0,60s,1512,39
907,2020-06-10,0,70s,782,81
908,2020-06-10,0,80s,518,136
909,2020-06-11,0,0s,168,0
910,2020-06-11,0,10s,677,0
911,2020-06-11,0,20s,3223,0
912,2020-06-11,0,30s,1345,2
913,2020-06-11,0,40s,1574,3
914,2020-06-11,0,50s,2137,15
915,2020-06-11,0,60s,1517,39
916,2020-06-11,0,70s,787,81
917,2020-06-11,0,80s,519,136
918,2020-06-12,0,0s,168,0
919,2020-06-12,0,10s,680,0
920,2020-06-12,0,20s,3234,0
921,2020-06-12,0,30s,1353,2
922,2020-06-12,0,40s,1575,3
923,2020-06-12,0,50s,2154,15
924,2020-06-12,0,60s,1530,40
925,2020-06-12,0,70s,789,81
926,2020-06-12,0,80s,520,136
927,2020-06-13,0,0s,168,0
928,2020-06-13,0,10s,681,0
929,2020-06-13,0,20s,3243,0
930,2020-06-13,0,30s,1354,2
931,2020-06-13,0,40s,1578,3
932,2020-06-13,0,50s,2163,15
933,2020-06-13,0,60s,1538,40
934,2020-06-13,0,70s,796,81
935,2020-06-13,0,80s,530,136
936,2020-06-14,0,0s,168,0
937,2020-06-14,0,10s,681,0
938,2020-06-14,0,20s,3251,0
939,2020-06-14,0,30s,1357,2
940,2020-06-14,0,40s,1584,3
941,2020-06-14,0,50s,2170,15
942,2020-06-14,0,60s,1546,40
943,2020-06-14,0,70s,797,81
944,2020-06-14,0,80s,531,136
945,2020-06-15,0,0s,170,0
946,2020-06-15,0,10s,681,0
947,2020-06-15,0,20s,3256,0
948,2020-06-15,0,30s,1362,2
949,2020-06-15,0,40s,1595,3
950,2020-06-15,0,50s,2176,15
951,2020-06-15,0,60s,1550,40
952,2020-06-15,0,70s,799,81
953,2020-06-15,0,80s,532,136
954,2020-06-16,0,0s,172,0
955,2020-06-16,0,10s,682,0
956,2020-06-16,0,20s,3259,0
957,2020-06-16,0,30s,1366,2
958,2020-06-16,0,40s,1599,3
959,2020-06-16,0,50s,2182,15
960,2020-06-16,0,60s,1558,40
961,2020-06-16,0,70s,805,81
962,2020-06-16,0,80s,532,137
963,2020-06-17,0,0s,174,0
964,2020-06-17,0,10s,683,0
965,2020-06-17,0,20s,3267,0
966,2020-06-17,0,30s,1380,2
967,2020-06-17,0,40s,1601,3
968,2020-06-17,0,50s,2189,15
969,2020-06-17,0,60s,1561,40
970,2020-06-17,0,70s,810,81
971,2020-06-17,0,80s,533,138
972,2020-06-18,0,0s,175,0
973,2020-06-18,0,10s,684,0
974,2020-06-18,0,20s,3277,0
975,2020-06-18,0,30s,1384,2
976,2020-06-18,0,40s,1607,3
977,2020-06-18,0,50s,2198,15
978,2020-06-18,0,60s,1574,40
979,2020-06-18,0,70s,817,81
980,2020-06-18,0,80s,541,139
981,2020-06-19,0,0s,175,0
982,2020-06-19,0,10s,686,0
983,2020-06-19,0,20s,3285,0
984,2020-06-19,0,30s,1393,2
985,2020-06-19,0,40s,1610,3
986,2020-06-19,0,50s,2210,15
987,2020-06-19,0,60s,1585,40
988,2020-06-19,0,70s,820,81
989,2020-06-19,0,80s,542,139
990,2020-06-20,0,0s,177,0
991,2020-06-20,0,10s,690,0
992,2020-06-20,0,20s,3294,0
993,2020-06-20,0,30s,1406,2
994,2020-06-20,0,40s,1618,3
995,2020-06-20,0,50s,2222,15
996,2020-06-20,0,60s,1598,40
997,2020-06-20,0,70s,823,81
998,2020-06-20,0,80s,545,139
999,2020-06-21,0,0s,177,0
1000,2020-06-21,0,10s,691,0
1001,2020-06-21,0,20s,3299,0
1002,2020-06-21,0,30s,1416,2
1003,2020-06-21,0,40s,1623,3
1004,2020-06-21,0,50s,2230,15
1005,2020-06-21,0,60s,1608,40
1006,2020-06-21,0,70s,829,81
1007,2020-06-21,0,80s,548,139
1008,2020-06-22,0,0s,177,0
1009,2020-06-22,0,10s,692,0
1010,2020-06-22,0,20s,3302,0
1011,2020-06-22,0,30s,1420,2
1012,2020-06-22,0,40s,1624,3
1013,2020-06-22,0,50s,2235,15
1014,2020-06-22,0,60s,1610,40
1015,2020-06-22,0,70s,830,81
1016,2020-06-22,0,80s,548,139
1017,2020-06-23,0,0s,180,0
1018,2020-06-23,0,10s,692,0
1019,2020-06-23,0,20s,3306,0
1020,2020-06-23,0,30s,1429,2
1021,2020-06-23,0,40s,1633,3
1022,2020-06-23,0,50s,2244,15
1023,2020-06-23,0,60s,1617,41
1024,2020-06-23,0,70s,834,81
1025,2020-06-23,0,80s,549,139
1026,2020-06-24,0,0s,182,0
1027,2020-06-24,0,10s,693,0
1028,2020-06-24,0,20s,3309,0
1029,2020-06-24,0,30s,1444,2
1030,2020-06-24,0,40s,1644,3
1031,2020-06-24,0,50s,2254,15
1032,2020-06-24,0,60s,1622,41
1033,2020-06-24,0,70s,836,81
1034,2020-06-24,0,80s,551,139
1035,2020-06-25,0,0s,183,0
1036,2020-06-25,0,10s,696,0
1037,2020-06-25,0,20s,3309,0
1038,2020-06-25,0,30s,1453,2
1039,2020-06-25,0,40s,1646,3
1040,2020-06-25,0,50s,2260,15
1041,2020-06-25,0,60s,1627,41
1042,2020-06-25,0,70s,838,82
1043,2020-06-25,0,80s,551,139
1044,2020-06-26,0,0s,184,0
1045,2020-06-26,0,10s,698,0
1046,2020-06-26,0,20s,3317,0
1047,2020-06-26,0,30s,1463,2
1048,2020-06-26,0,40s,1651,3
1049,2020-06-26,0,50s,2264,15
1050,2020-06-26,0,60s,1633,41
1051,2020-06-26,0,70s,839,82
1052,2020-06-26,0,80s,553,139
1053,2020-06-27,0,0s,185,0
1054,2020-06-27,0,10s,700,0
1055,2020-06-27,0,20s,3331,0
1056,2020-06-27,0,30s,1473,2
1057,2020-06-27,0,40s,1657,3
1058,2020-06-27,0,50s,2269,15
1059,2020-06-27,0,60s,1640,41
1060,2020-06-27,0,70s,843,82
1061,2020-06-27,0,80s,555,139
1062,2020-06-28,0,0s,187,0
1063,2020-06-28,0,10s,703,0
1064,2020-06-28,0,20s,3343,0
1065,2020-06-28,0,30s,1485,2
1066,2020-06-28,0,40s,1667,3
1067,2020-06-28,0,50s,2275,15
1068,2020-06-28,0,60s,1653,41
1069,2020-06-28,0,70s,846,82
1070,2020-06-28,0,80s,556,139
1071,2020-06-29,0,0s,190,0
1072,2020-06-29,0,10s,704,0
1073,2020-06-29,0,20s,3352,0
1074,2020-06-29,0,30s,1490,2
1075,2020-06-29,0,40s,1673,3
1076,2020-06-29,0,50s,2280,15
1077,2020-06-29,0,60s,1665,41
1078,2020-06-29,0,70s,847,82
1079,2020-06-29,0,80s,556,139
1080,2020-06-30,0,0s,193,0
1081,2020-06-30,0,10s,708,0
1082,2020-06-30,0,20s,3362,0
1083,2020-06-30,0,30s,1496,2
1084,2020-06-30,0,40s,1681,3
1085,2020-06-30,0,50s,2286,15
1086,2020-06-30,0,60s,1668,41
1087,2020-06-30,0,70s,850,82
1088,2020-06-30,0,80s,556,139
